"theme","provider","sub_theme"
"Adherence to the feedback criteria and structure","AI","Mismatch with student preferences"
"Adherence to the feedback criteria and structure","AI","Well-structured feedback that adheres to principles"
"Adherence to the feedback criteria and structure","supervisor","Entries not complying with feedback principles and standards"
"Continuity and consistency","AI","Feedback based on a comprehensive review of the recorded content"
"Continuity and consistency","AI","Limitations due to lack of understanding of the practicum context"
"Continuity and consistency","AI","Support for verbalizing experiences"
"Continuity and consistency","AI","Variability in feedback quality depending on the content recorded"
"Continuity and consistency","supervisor","Feedback that does not reflect the content of the report"
"Continuity and consistency","supervisor","Feedback that takes into account the practicum context"
"Continuity and consistency","supervisor","Limitations of feedback within a limited time"
"Perspective as a clinician","AI","Lack of expert perspective"
"Perspective as a clinician","supervisor","Conflict of interest as an educator"
"Perspective as a clinician","supervisor","Expert perspective"
"Quality of the Japanese language","AI","Insufficient output quality"
"Quality of the Japanese language","supervisor","Descriptions that evoke the feeling of being reviewed by a human"
"Quality of the Japanese language","supervisor","Natural expressions"
"Text length","AI","Overly verbose expressions"
"Text length","supervisor","Insufficient amount of description"
